cardNumber;fullName;office;urgency;takenAt;type;address;closedAt
5001;Смирнов Алексей Петрович;101;0;2026-10-11T08:15:00;Обычный;;
5002;Кузнецова Мария Ивановна;104а;1;2026-10-11T08:20:00;Обычный;;
5003;Попов-Волков Дмитрий Сергеевич;215-б;2;2026-10-11T08:25:00;Обычный;;
5004;Васильева Елена Александровна;302;3;2026-10-11T08:30:00;Обычный;;
5005;Новиков Игорь Владимирович;104;1;2026-10-11T08:35:00;На дому;ул. Ленина, д. 15, кв. 42;
5006;Морозова Анна Дмитриевна;201;0;2026-10-11T08:40:00;На дому;пр. Мира, д. 8, кв. 101;
5007;Волков Сергей Николаевич;103;2;2026-10-11T08:45:00;Закрытый;;2026-10-11T09:30:00
5008;Соловьёва Ольга Викторовна;104-а;1;2026-10-11T08:50:00;Обычный;;
5009;Лебедев Павел Андреевич;305;3;2026-10-11T08:55:00;Обычный;;
5010;Козлова Наталья Сергеевна;210;2;2026-10-11T09:00:00;На дому;ул. Пушкина, д. 22, кв. 7;
5011;Степанов Виктор Иванович;102;0;2026-10-11T09:05:00;Обычный;;
5012;Павлова Екатерина Михайловна;104б;1;2026-10-11T09:10:00;Закрытый;;2026-10-11T10:00:00